country_code,product_line_code,platform_code,content_cnt,negative_cnt,positive_cnt,top_theme,top_competitor,last_update_time,persona_identity,persona_media,persona_brand,persona_competitor
CN,unknown,unknown,1,0,1,pump_modes,新贝,,以孕晚期到产后12个月的妈妈为主，典型场景是母乳喂养、背奶和职场返岗；家庭中通常由妈妈主导选购，伴侣会参与价格与口碑对比；更关注吸力舒适度、静音、便携和清洗便利性。 中国母婴用户极度依赖中文内容生态，决策路径通常是种草->搜索->妈妈群/评论区验证->成交。,偏好真实使用演示、吸奶效率对比、配件清洗教程和背奶场景短视频；会主动搜索泌乳顾问、月嫂或KOL的经验分享；对“同泵不同罩杯/不同模式”的细节测评更敏感。 中国母婴用户极度依赖中文内容生态，决策路径通常是种草->搜索->妈妈群/评论区验证->成交。,偏爱有医疗/母婴背书、使用门槛低、配件齐全且售后明确的品牌；对安全材质、吸乳体验和噪音控制容忍度低；更相信长期口碑、专家建议和妈妈真实长评。 中国母婴用户极度依赖中文内容生态，决策路径通常是种草->搜索->妈妈群/评论区验证->成交。,"【VOC聚合·待业务审核】国际（VOC提及候选）：Pigeon, 贝亲；本土/其他（VOC提及候选）：新贝, 小白熊, 新贝8782, 新贝双边吸奶器, 新贝8775PP 等, 吸奶器选购原则（泛品牌）, 多款热门机型（文中展开）, 好孩子"
DK,unknown,youtube,1,0,0,general,,,以孕晚期到产后12个月的妈妈为主，典型场景是母乳喂养、背奶和职场返岗；家庭中通常由妈妈主导选购，伴侣会参与价格与口碑对比；更关注吸力舒适度、静音、便携和清洗便利性。 丹麦父母偏好高可信、低夸张的实用内容，对官方健康信息和社区经验并重。,偏好真实使用演示、吸奶效率对比、配件清洗教程和背奶场景短视频；会主动搜索泌乳顾问、月嫂或KOL的经验分享；对“同泵不同罩杯/不同模式”的细节测评更敏感。 丹麦父母偏好高可信、低夸张的实用内容，对官方健康信息和社区经验并重。,偏爱有医疗/母婴背书、使用门槛低、配件齐全且售后明确的品牌；对安全材质、吸乳体验和噪音控制容忍度低；更相信长期口碑、专家建议和妈妈真实长评。 丹麦父母偏好高可信、低夸张的实用内容，对官方健康信息和社区经验并重。,"【VOC聚合·待业务审核】国际（VOC提及候选）：Medela, Spectra, Philips；本土/其他（VOC提及候选）：卫生, 频率）, side 结果为准"
UZ,unknown,irecommendru,2,0,2,general,Medela,,以孕晚期到产后12个月的妈妈为主，典型场景是母乳喂养、背奶和职场返岗；家庭中通常由妈妈主导选购，伴侣会参与价格与口碑对比；更关注吸力舒适度、静音、便携和清洗便利性。 中东欧与长尾欧洲市场本地垂类媒体较分散，妈妈用户常同时使用全球母婴内容站和本地社媒群组完成决策。,偏好真实使用演示、吸奶效率对比、配件清洗教程和背奶场景短视频；会主动搜索泌乳顾问、月嫂或KOL的经验分享；对“同泵不同罩杯/不同模式”的细节测评更敏感。 中东欧与长尾欧洲市场本地垂类媒体较分散，妈妈用户常同时使用全球母婴内容站和本地社媒群组完成决策。,偏爱有医疗/母婴背书、使用门槛低、配件齐全且售后明确的品牌；对安全材质、吸乳体验和噪音控制容忍度低；更相信长期口碑、专家建议和妈妈真实长评。 中东欧与长尾欧洲市场本地垂类媒体较分散，妈妈用户常同时使用全球母婴内容站和本地社媒群组完成决策。,"【VOC聚合·待业务审核】国际（VOC提及候选）：Medela, PhilipsPhilips Avent, Philips Avent；本土/其他（VOC提及候选）：YUAAN 555（PDP 卖家名, 见页面）, BreastMilkBasics（频道）, review, hands-free 语境, wearable pump, 本地妈妈群语境, 品牌与型号待具体帖文复核"
BG,unknown,emagbg,2,0,0,nipple_pain,,,以孕晚期到产后12个月的妈妈为主，典型场景是母乳喂养、背奶和职场返岗；家庭中通常由妈妈主导选购，伴侣会参与价格与口碑对比；更关注吸力舒适度、静音、便携和清洗便利性。 中东欧与长尾欧洲市场本地垂类媒体较分散，妈妈用户常同时使用全球母婴内容站和本地社媒群组完成决策。,偏好真实使用演示、吸奶效率对比、配件清洗教程和背奶场景短视频；会主动搜索泌乳顾问、月嫂或KOL的经验分享；对“同泵不同罩杯/不同模式”的细节测评更敏感。 中东欧与长尾欧洲市场本地垂类媒体较分散，妈妈用户常同时使用全球母婴内容站和本地社媒群组完成决策。,偏爱有医疗/母婴背书、使用门槛低、配件齐全且售后明确的品牌；对安全材质、吸乳体验和噪音控制容忍度低；更相信长期口碑、专家建议和妈妈真实长评。 中东欧与长尾欧洲市场本地垂类媒体较分散，妈妈用户常同时使用全球母婴内容站和本地社媒群组完成决策。,"【VOC聚合·待业务审核】国际（VOC提及候选）：Philips Philips Avent, Philips, Medela, Lansinoh, Philips Avent SCF395, Philips Essential SCF323, Medela Swing Maxi；本土/其他（VOC提及候选）：помпа за кърма, BabyOno 等 listing 线索, WHO, public health, електрическа vs ръчна"
BG,unknown,youtube_bg,1,0,0,general,,,以孕晚期到产后12个月的妈妈为主，典型场景是母乳喂养、背奶和职场返岗；家庭中通常由妈妈主导选购，伴侣会参与价格与口碑对比；更关注吸力舒适度、静音、便携和清洗便利性。 中东欧与长尾欧洲市场本地垂类媒体较分散，妈妈用户常同时使用全球母婴内容站和本地社媒群组完成决策。,偏好真实使用演示、吸奶效率对比、配件清洗教程和背奶场景短视频；会主动搜索泌乳顾问、月嫂或KOL的经验分享；对“同泵不同罩杯/不同模式”的细节测评更敏感。 中东欧与长尾欧洲市场本地垂类媒体较分散，妈妈用户常同时使用全球母婴内容站和本地社媒群组完成决策。,偏爱有医疗/母婴背书、使用门槛低、配件齐全且售后明确的品牌；对安全材质、吸乳体验和噪音控制容忍度低；更相信长期口碑、专家建议和妈妈真实长评。 中东欧与长尾欧洲市场本地垂类媒体较分散，妈妈用户常同时使用全球母婴内容站和本地社媒群组完成决策。,"【VOC聚合·待业务审核】国际（VOC提及候选）：Philips Philips Avent, Philips, Medela, Lansinoh, Philips Avent SCF395, Philips Essential SCF323, Medela Swing Maxi；本土/其他（VOC提及候选）：помпа за кърма, BabyOno 等 listing 线索, WHO, public health, електрическа vs ръчна"
HR,unknown,roda_forum,3,0,0,general,,,以孕晚期到产后12个月的妈妈为主，典型场景是母乳喂养、背奶和职场返岗；家庭中通常由妈妈主导选购，伴侣会参与价格与口碑对比；更关注吸力舒适度、静音、便携和清洗便利性。 中东欧与长尾欧洲市场本地垂类媒体较分散，妈妈用户常同时使用全球母婴内容站和本地社媒群组完成决策。,偏好真实使用演示、吸奶效率对比、配件清洗教程和背奶场景短视频；会主动搜索泌乳顾问、月嫂或KOL的经验分享；对“同泵不同罩杯/不同模式”的细节测评更敏感。 中东欧与长尾欧洲市场本地垂类媒体较分散，妈妈用户常同时使用全球母婴内容站和本地社媒群组完成决策。,偏爱有医疗/母婴背书、使用门槛低、配件齐全且售后明确的品牌；对安全材质、吸乳体验和噪音控制容忍度低；更相信长期口碑、专家建议和妈妈真实长评。 中东欧与长尾欧洲市场本地垂类媒体较分散，妈妈用户常同时使用全球母婴内容站和本地社媒群组完成决策。,"【VOC聚合·待业务审核】国际（VOC提及候选）：Medela, Philips Avent, Avent, Lansinoh；本土/其他（VOC提及候选）：多数群组需登录）, elektricne, 混合结果（电商, 媒体, forum, brand）"
CA,unknown,mamanpourlavie,1,0,0,pump_modes,,,以孕晚期到产后12个月的妈妈为主，典型场景是母乳喂养、背奶和职场返岗；家庭中通常由妈妈主导选购，伴侣会参与价格与口碑对比；更关注吸力舒适度、静音、便携和清洗便利性。 加拿大家庭通常同时消费英语与法语育儿内容，重视真实经验与权威建议结合。,偏好真实使用演示、吸奶效率对比、配件清洗教程和背奶场景短视频；会主动搜索泌乳顾问、月嫂或KOL的经验分享；对“同泵不同罩杯/不同模式”的细节测评更敏感。 加拿大家庭通常同时消费英语与法语育儿内容，重视真实经验与权威建议结合。,偏爱有医疗/母婴背书、使用门槛低、配件齐全且售后明确的品牌；对安全材质、吸乳体验和噪音控制容忍度低；更相信长期口碑、专家建议和妈妈真实长评。 加拿大家庭通常同时消费英语与法语育儿内容，重视真实经验与权威建议结合。,"【VOC聚合·待业务审核】国际（VOC提及候选）：Medela, Spectra；本土/其他（VOC提及候选）：tire-lait, breast pump, 电动泵, 吸奶器与喂养配件（以类目列表为准）, 以西海岸门店, 线上列表为准"
CA,breast_pump,mamanpourlavie_forum,3,0,0,general,,,以孕晚期到产后12个月的妈妈为主，典型场景是母乳喂养、背奶和职场返岗；家庭中通常由妈妈主导选购，伴侣会参与价格与口碑对比；更关注吸力舒适度、静音、便携和清洗便利性。 加拿大家庭通常同时消费英语与法语育儿内容，重视真实经验与权威建议结合。,偏好真实使用演示、吸奶效率对比、配件清洗教程和背奶场景短视频；会主动搜索泌乳顾问、月嫂或KOL的经验分享；对“同泵不同罩杯/不同模式”的细节测评更敏感。 加拿大家庭通常同时消费英语与法语育儿内容，重视真实经验与权威建议结合。,偏爱有医疗/母婴背书、使用门槛低、配件齐全且售后明确的品牌；对安全材质、吸乳体验和噪音控制容忍度低；更相信长期口碑、专家建议和妈妈真实长评。 加拿大家庭通常同时消费英语与法语育儿内容，重视真实经验与权威建议结合。,"【VOC聚合·待业务审核】国际（VOC提及候选）：Medela, Spectra；本土/其他（VOC提及候选）：tire-lait, breast pump, 电动泵, 吸奶器与喂养配件（以类目列表为准）, 以西海岸门店, 线上列表为准"
CA,breast_pump,amazonca,19,2,6,milk_output,Medela,,以孕晚期到产后12个月的妈妈为主，典型场景是母乳喂养、背奶和职场返岗；家庭中通常由妈妈主导选购，伴侣会参与价格与口碑对比；更关注吸力舒适度、静音、便携和清洗便利性。 加拿大家庭通常同时消费英语与法语育儿内容，重视真实经验与权威建议结合。,偏好真实使用演示、吸奶效率对比、配件清洗教程和背奶场景短视频；会主动搜索泌乳顾问、月嫂或KOL的经验分享；对“同泵不同罩杯/不同模式”的细节测评更敏感。 加拿大家庭通常同时消费英语与法语育儿内容，重视真实经验与权威建议结合。,偏爱有医疗/母婴背书、使用门槛低、配件齐全且售后明确的品牌；对安全材质、吸乳体验和噪音控制容忍度低；更相信长期口碑、专家建议和妈妈真实长评。 加拿大家庭通常同时消费英语与法语育儿内容，重视真实经验与权威建议结合。,"【VOC聚合·待业务审核】国际（VOC提及候选）：Medela, Spectra；本土/其他（VOC提及候选）：tire-lait, breast pump, 电动泵, 吸奶器与喂养配件（以类目列表为准）, 以西海岸门店, 线上列表为准"
CA,unknown,amazonca,10,0,7,general,Medela,,以孕晚期到产后12个月的妈妈为主，典型场景是母乳喂养、背奶和职场返岗；家庭中通常由妈妈主导选购，伴侣会参与价格与口碑对比；更关注吸力舒适度、静音、便携和清洗便利性。 加拿大家庭通常同时消费英语与法语育儿内容，重视真实经验与权威建议结合。,偏好真实使用演示、吸奶效率对比、配件清洗教程和背奶场景短视频；会主动搜索泌乳顾问、月嫂或KOL的经验分享；对“同泵不同罩杯/不同模式”的细节测评更敏感。 加拿大家庭通常同时消费英语与法语育儿内容，重视真实经验与权威建议结合。,偏爱有医疗/母婴背书、使用门槛低、配件齐全且售后明确的品牌；对安全材质、吸乳体验和噪音控制容忍度低；更相信长期口碑、专家建议和妈妈真实长评。 加拿大家庭通常同时消费英语与法语育儿内容，重视真实经验与权威建议结合。,"【VOC聚合·待业务审核】国际（VOC提及候选）：Medela, Spectra；本土/其他（VOC提及候选）：tire-lait, breast pump, 电动泵, 吸奶器与喂养配件（以类目列表为准）, 以西海岸门店, 线上列表为准"
HU,unknown,emaghu,2,1,0,nipple_pain,,,以孕晚期到产后12个月的妈妈为主，典型场景是母乳喂养、背奶和职场返岗；家庭中通常由妈妈主导选购，伴侣会参与价格与口碑对比；更关注吸力舒适度、静音、便携和清洗便利性。 中东欧与长尾欧洲市场本地垂类媒体较分散，妈妈用户常同时使用全球母婴内容站和本地社媒群组完成决策。,偏好真实使用演示、吸奶效率对比、配件清洗教程和背奶场景短视频；会主动搜索泌乳顾问、月嫂或KOL的经验分享；对“同泵不同罩杯/不同模式”的细节测评更敏感。 中东欧与长尾欧洲市场本地垂类媒体较分散，妈妈用户常同时使用全球母婴内容站和本地社媒群组完成决策。,偏爱有医疗/母婴背书、使用门槛低、配件齐全且售后明确的品牌；对安全材质、吸乳体验和噪音控制容忍度低；更相信长期口碑、专家建议和妈妈真实长评。 中东欧与长尾欧洲市场本地垂类媒体较分散，妈妈用户常同时使用全球母婴内容站和本地社媒群组完成决策。,"【VOC聚合·待业务审核】国际（VOC提及候选）：Medela, Philips Avent, Momcozy 等 listing 线索, Medela（多 SKU listing）；本土/其他（VOC提及候选）：Pesztonka, mellszívó, WHO, közegészségügy narratíva, A（类目页）"
ID,unknown,tokopedia,5,0,0,general,,,以孕晚期到产后12个月的妈妈为主，典型场景是母乳喂养、背奶和职场返岗；家庭中通常由妈妈主导选购，伴侣会参与价格与口碑对比；更关注吸力舒适度、静音、便携和清洗便利性。 东南亚妈妈人群高度依赖移动端和社媒，偏好短视频、社群口碑与本地化育儿内容同时存在。,偏好真实使用演示、吸奶效率对比、配件清洗教程和背奶场景短视频；会主动搜索泌乳顾问、月嫂或KOL的经验分享；对“同泵不同罩杯/不同模式”的细节测评更敏感。 东南亚妈妈人群高度依赖移动端和社媒，偏好短视频、社群口碑与本地化育儿内容同时存在。,偏爱有医疗/母婴背书、使用门槛低、配件齐全且售后明确的品牌；对安全材质、吸乳体验和噪音控制容忍度低；更相信长期口碑、专家建议和妈妈真实长评。 东南亚妈妈人群高度依赖移动端和社媒，偏好短视频、社群口碑与本地化育儿内容同时存在。,"【VOC聚合·待业务审核】国际（VOC提及候选）：Medela（以站点导航为准）；本土/其他（VOC提及候选）：Sumo Baby, pompa asi, menyusui, ASI, breast pump, wearable, review, pompa ASI"
IN,breast_pump,amazonin,10,1,1,battery_life,,,以孕晚期到产后12个月的妈妈为主，典型场景是母乳喂养、背奶和职场返岗；家庭中通常由妈妈主导选购，伴侣会参与价格与口碑对比；更关注吸力舒适度、静音、便携和清洗便利性。 印度妈妈群体对社区互动和专家型内容接受度都高，社媒、社区和电商内容之间联动明显。,偏好真实使用演示、吸奶效率对比、配件清洗教程和背奶场景短视频；会主动搜索泌乳顾问、月嫂或KOL的经验分享；对“同泵不同罩杯/不同模式”的细节测评更敏感。 印度妈妈群体对社区互动和专家型内容接受度都高，社媒、社区和电商内容之间联动明显。,偏爱有医疗/母婴背书、使用门槛低、配件齐全且售后明确的品牌；对安全材质、吸乳体验和噪音控制容忍度低；更相信长期口碑、专家建议和妈妈真实长评。 印度妈妈群体对社区互动和专家型内容接受度都高，社媒、社区和电商内容之间联动明显。,"【VOC聚合·待业务审核】国际（VOC提及候选）：Philips Avent, Medela, Medela（以视频结果为准）；本土/其他（VOC提及候选）：Luvlap, Roboson, breast pump, LuvLap, breastfeeding, best breast pump, pumping, wearable"
IN,unknown,amazonin,16,1,9,general,,,以孕晚期到产后12个月的妈妈为主，典型场景是母乳喂养、背奶和职场返岗；家庭中通常由妈妈主导选购，伴侣会参与价格与口碑对比；更关注吸力舒适度、静音、便携和清洗便利性。 印度妈妈群体对社区互动和专家型内容接受度都高，社媒、社区和电商内容之间联动明显。,偏好真实使用演示、吸奶效率对比、配件清洗教程和背奶场景短视频；会主动搜索泌乳顾问、月嫂或KOL的经验分享；对“同泵不同罩杯/不同模式”的细节测评更敏感。 印度妈妈群体对社区互动和专家型内容接受度都高，社媒、社区和电商内容之间联动明显。,偏爱有医疗/母婴背书、使用门槛低、配件齐全且售后明确的品牌；对安全材质、吸乳体验和噪音控制容忍度低；更相信长期口碑、专家建议和妈妈真实长评。 印度妈妈群体对社区互动和专家型内容接受度都高，社媒、社区和电商内容之间联动明显。,"【VOC聚合·待业务审核】国际（VOC提及候选）：Philips Avent, Medela, Medela（以视频结果为准）；本土/其他（VOC提及候选）：Luvlap, Roboson, breast pump, LuvLap, breastfeeding, best breast pump, pumping, wearable"
MX,unknown,babycenter_en_espaol,5,0,1,general,Avent,,以孕晚期到产后12个月的妈妈为主，典型场景是母乳喂养、背奶和职场返岗；家庭中通常由妈妈主导选购，伴侣会参与价格与口碑对比；更关注吸力舒适度、静音、便携和清洗便利性。 拉美西语市场高度依赖社媒与妈妈群口碑，真实经验、优惠触达和阶段性育儿内容的影响力都很强。,偏好真实使用演示、吸奶效率对比、配件清洗教程和背奶场景短视频；会主动搜索泌乳顾问、月嫂或KOL的经验分享；对“同泵不同罩杯/不同模式”的细节测评更敏感。 拉美西语市场高度依赖社媒与妈妈群口碑，真实经验、优惠触达和阶段性育儿内容的影响力都很强。,偏爱有医疗/母婴背书、使用门槛低、配件齐全且售后明确的品牌；对安全材质、吸乳体验和噪音控制容忍度低；更相信长期口碑、专家建议和妈妈真实长评。 拉美西语市场高度依赖社媒与妈妈群口碑，真实经验、优惠触达和阶段性育儿内容的影响力都很强。,"【VOC聚合·待业务审核】国际（VOC提及候选）：Philips Avent, Momcozy, Medela, Avent, Medela Harmony, Medela accessories, Pigeon portátil, Philips Avent Manual；本土/其他（VOC提及候选）：manual, extractor eléctrico"
AT,breast_pump,urbiade,4,0,0,general,Momcozy,,以孕晚期到产后12个月的妈妈为主，典型场景是母乳喂养、背奶和职场返岗；家庭中通常由妈妈主导选购，伴侣会参与价格与口碑对比；更关注吸力舒适度、静音、便携和清洗便利性。 德语区用户习惯在专业育儿站与论坛中做深度对比，决策更看重功能细节与专家答疑。,偏好真实使用演示、吸奶效率对比、配件清洗教程和背奶场景短视频；会主动搜索泌乳顾问、月嫂或KOL的经验分享；对“同泵不同罩杯/不同模式”的细节测评更敏感。 德语区用户习惯在专业育儿站与论坛中做深度对比，决策更看重功能细节与专家答疑。,偏爱有医疗/母婴背书、使用门槛低、配件齐全且售后明确的品牌；对安全材质、吸乳体验和噪音控制容忍度低；更相信长期口碑、专家建议和妈妈真实长评。 德语区用户习惯在专业育儿站与论坛中做深度对比，决策更看重功能细节与专家答疑。,"【VOC聚合·待业务审核】国际（VOC提及候选）：Medela, Philips Avent, Momcozy, Medela（检索意图）, Ardo 等（以线程为准）, NUK 等（以搜索结果为准）, Medela 系列（以搜索结果为准）, Ardo；本土/其他（VOC提及候选）：（公共健康语境, 无单一商业型号测评）, 无品牌）"
GR,unknown,youtube,1,0,0,general,,,以孕晚期到产后12个月的妈妈为主，典型场景是母乳喂养、背奶和职场返岗；家庭中通常由妈妈主导选购，伴侣会参与价格与口碑对比；更关注吸力舒适度、静音、便携和清洗便利性。 中东欧与长尾欧洲市场本地垂类媒体较分散，妈妈用户常同时使用全球母婴内容站和本地社媒群组完成决策。,偏好真实使用演示、吸奶效率对比、配件清洗教程和背奶场景短视频；会主动搜索泌乳顾问、月嫂或KOL的经验分享；对“同泵不同罩杯/不同模式”的细节测评更敏感。 中东欧与长尾欧洲市场本地垂类媒体较分散，妈妈用户常同时使用全球母婴内容站和本地社媒群组完成决策。,偏爱有医疗/母婴背书、使用门槛低、配件齐全且售后明确的品牌；对安全材质、吸乳体验和噪音控制容忍度低；更相信长期口碑、专家建议和妈妈真实长评。 中东欧与长尾欧洲市场本地垂类媒体较分散，妈妈用户常同时使用全球母婴内容站和本地社媒群组完成决策。,"【VOC聚合·待业务审核】国际（VOC提及候选）：Medela, Momcozy, Philips, Momcozy S9 Pro, Philips（页面展示约 18 个商品线索；本土/其他（VOC提及候选）：Lionelo Twee Go, αντλία θηλασμού, Lorelli 等品牌分布线索, WHO, public health, 用户提问, 教程"
DE,breast_pump,amazonde,7,0,2,app_connectivity,Medela,,以孕晚期到产后12个月的妈妈为主，典型场景是母乳喂养、背奶和职场返岗；家庭中通常由妈妈主导选购，伴侣会参与价格与口碑对比；更关注吸力舒适度、静音、便携和清洗便利性。 德语区用户习惯在专业育儿站与论坛中做深度对比，决策更看重功能细节与专家答疑。,偏好真实使用演示、吸奶效率对比、配件清洗教程和背奶场景短视频；会主动搜索泌乳顾问、月嫂或KOL的经验分享；对“同泵不同罩杯/不同模式”的细节测评更敏感。 德语区用户习惯在专业育儿站与论坛中做深度对比，决策更看重功能细节与专家答疑。,偏爱有医疗/母婴背书、使用门槛低、配件齐全且售后明确的品牌；对安全材质、吸乳体验和噪音控制容忍度低；更相信长期口碑、专家建议和妈妈真实长评。 德语区用户习惯在专业育儿站与论坛中做深度对比，决策更看重功能细节与专家答疑。,"【VOC聚合·待业务审核】国际（VOC提及候选）：Medela Swing Maxi Hands-free, Medela Magic InBra, Momcozy M5；本土/其他（VOC提及候选）：FluidFeel Technology, Hebamme, Rezept"
IT,unknown,alfemminile_forum,3,0,0,general,MomCozy,,以孕晚期到产后12个月的妈妈为主，典型场景是母乳喂养、背奶和职场返岗；家庭中通常由妈妈主导选购，伴侣会参与价格与口碑对比；更关注吸力舒适度、静音、便携和清洗便利性。 意大利妈妈更关注舒适体验、家庭日常场景与真实口碑，内容消费偏温和但重信任。,偏好真实使用演示、吸奶效率对比、配件清洗教程和背奶场景短视频；会主动搜索泌乳顾问、月嫂或KOL的经验分享；对“同泵不同罩杯/不同模式”的细节测评更敏感。 意大利妈妈更关注舒适体验、家庭日常场景与真实口碑，内容消费偏温和但重信任。,偏爱有医疗/母婴背书、使用门槛低、配件齐全且售后明确的品牌；对安全材质、吸乳体验和噪音控制容忍度低；更相信长期口碑、专家建议和妈妈真实长评。 意大利妈妈更关注舒适体验、家庭日常场景与真实口碑，内容消费偏温和但重信任。,"【VOC聚合·待业务审核】国际（VOC提及候选）：Medela, Spectra, MomCozy 等（以讨论帖为准；本土/其他（VOC提及候选）：tiralatte, consigli（以栏目与稿件为准）, 待下钻）, 手动"
IT,unknown,amazonit,31,0,5,general,Elvie,,以孕晚期到产后12个月的妈妈为主，典型场景是母乳喂养、背奶和职场返岗；家庭中通常由妈妈主导选购，伴侣会参与价格与口碑对比；更关注吸力舒适度、静音、便携和清洗便利性。 意大利妈妈更关注舒适体验、家庭日常场景与真实口碑，内容消费偏温和但重信任。,偏好真实使用演示、吸奶效率对比、配件清洗教程和背奶场景短视频；会主动搜索泌乳顾问、月嫂或KOL的经验分享；对“同泵不同罩杯/不同模式”的细节测评更敏感。 意大利妈妈更关注舒适体验、家庭日常场景与真实口碑，内容消费偏温和但重信任。,偏爱有医疗/母婴背书、使用门槛低、配件齐全且售后明确的品牌；对安全材质、吸乳体验和噪音控制容忍度低；更相信长期口碑、专家建议和妈妈真实长评。 意大利妈妈更关注舒适体验、家庭日常场景与真实口碑，内容消费偏温和但重信任。,"【VOC聚合·待业务审核】国际（VOC提及候选）：Medela, Spectra, MomCozy 等（以讨论帖为准；本土/其他（VOC提及候选）：tiralatte, consigli（以栏目与稿件为准）, 待下钻）, 手动"
NO,unknown,babyverden_forum,3,0,0,general,,,以孕晚期到产后12个月的妈妈为主，典型场景是母乳喂养、背奶和职场返岗；家庭中通常由妈妈主导选购，伴侣会参与价格与口碑对比；更关注吸力舒适度、静音、便携和清洗便利性。 挪威家长偏好本地育儿论坛与官方健康信息结合，决策节奏偏理性。,偏好真实使用演示、吸奶效率对比、配件清洗教程和背奶场景短视频；会主动搜索泌乳顾问、月嫂或KOL的经验分享；对“同泵不同罩杯/不同模式”的细节测评更敏感。 挪威家长偏好本地育儿论坛与官方健康信息结合，决策节奏偏理性。,偏爱有医疗/母婴背书、使用门槛低、配件齐全且售后明确的品牌；对安全材质、吸乳体验和噪音控制容忍度低；更相信长期口碑、专家建议和妈妈真实长评。 挪威家长偏好本地育儿论坛与官方健康信息结合，决策节奏偏理性。,"【VOC聚合·待业务审核】国际（VOC提及候选）：Medela, Spectra, Philips；本土/其他（VOC提及候选）：håndmelking, 政策, amming, tester"
NO,unknown,youtube,1,0,0,general,,,以孕晚期到产后12个月的妈妈为主，典型场景是母乳喂养、背奶和职场返岗；家庭中通常由妈妈主导选购，伴侣会参与价格与口碑对比；更关注吸力舒适度、静音、便携和清洗便利性。 挪威家长偏好本地育儿论坛与官方健康信息结合，决策节奏偏理性。,偏好真实使用演示、吸奶效率对比、配件清洗教程和背奶场景短视频；会主动搜索泌乳顾问、月嫂或KOL的经验分享；对“同泵不同罩杯/不同模式”的细节测评更敏感。 挪威家长偏好本地育儿论坛与官方健康信息结合，决策节奏偏理性。,偏爱有医疗/母婴背书、使用门槛低、配件齐全且售后明确的品牌；对安全材质、吸乳体验和噪音控制容忍度低；更相信长期口碑、专家建议和妈妈真实长评。 挪威家长偏好本地育儿论坛与官方健康信息结合，决策节奏偏理性。,"【VOC聚合·待业务审核】国际（VOC提及候选）：Medela, Spectra, Philips；本土/其他（VOC提及候选）：håndmelking, 政策, amming, tester"
CZ,unknown,youtube,1,0,0,general,,,以孕晚期到产后12个月的妈妈为主，典型场景是母乳喂养、背奶和职场返岗；家庭中通常由妈妈主导选购，伴侣会参与价格与口碑对比；更关注吸力舒适度、静音、便携和清洗便利性。 中东欧与长尾欧洲市场本地垂类媒体较分散，妈妈用户常同时使用全球母婴内容站和本地社媒群组完成决策。,偏好真实使用演示、吸奶效率对比、配件清洗教程和背奶场景短视频；会主动搜索泌乳顾问、月嫂或KOL的经验分享；对“同泵不同罩杯/不同模式”的细节测评更敏感。 中东欧与长尾欧洲市场本地垂类媒体较分散，妈妈用户常同时使用全球母婴内容站和本地社媒群组完成决策。,偏爱有医疗/母婴背书、使用门槛低、配件齐全且售后明确的品牌；对安全材质、吸乳体验和噪音控制容忍度低；更相信长期口碑、专家建议和妈妈真实长评。 中东欧与长尾欧洲市场本地垂类媒体较分散，妈妈用户常同时使用全球母婴内容站和本地社媒群组完成决策。,"【VOC聚合·待业务审核】国际（VOC提及候选）：Medela, Philips Avent, Spectra, Philips, Spectra 等（以搜索结果置顶为准）；本土/其他（VOC提及候选）：elektrické, manuální 产品线（以类目为准）, obecné typy odsávaček, kojení"
BE,unknown,doctissimo_forum__magicmaman_forum,3,0,0,general,,,以孕晚期到产后12个月的妈妈为主，典型场景是母乳喂养、背奶和职场返岗；家庭中通常由妈妈主导选购，伴侣会参与价格与口碑对比；更关注吸力舒适度、静音、便携和清洗便利性。 法语用户偏好内容与论坛并重，常通过论坛讨论、编辑部内容和专家文章完成选购决策。,偏好真实使用演示、吸奶效率对比、配件清洗教程和背奶场景短视频；会主动搜索泌乳顾问、月嫂或KOL的经验分享；对“同泵不同罩杯/不同模式”的细节测评更敏感。 法语用户偏好内容与论坛并重，常通过论坛讨论、编辑部内容和专家文章完成选购决策。,偏爱有医疗/母婴背书、使用门槛低、配件齐全且售后明确的品牌；对安全材质、吸乳体验和噪音控制容忍度低；更相信长期口碑、专家建议和妈妈真实长评。 法语用户偏好内容与论坛并重，常通过论坛讨论、编辑部内容和专家文章完成选购决策。,"【VOC聚合·待业务审核】国际（VOC提及候选）：Spectra, Ardo, Medela, Philips, Philips Avent 等（以栏目为准）；本土/其他（VOC提及候选）：tire-lait, borstkolf, 测评选题（以首页与栏目为准）, 返岗泵奶, 机型对比（需点进线程）"
BE,breast_pump,amazoncombe,35,0,10,general,Medela,,以孕晚期到产后12个月的妈妈为主，典型场景是母乳喂养、背奶和职场返岗；家庭中通常由妈妈主导选购，伴侣会参与价格与口碑对比；更关注吸力舒适度、静音、便携和清洗便利性。 法语用户偏好内容与论坛并重，常通过论坛讨论、编辑部内容和专家文章完成选购决策。,偏好真实使用演示、吸奶效率对比、配件清洗教程和背奶场景短视频；会主动搜索泌乳顾问、月嫂或KOL的经验分享；对“同泵不同罩杯/不同模式”的细节测评更敏感。 法语用户偏好内容与论坛并重，常通过论坛讨论、编辑部内容和专家文章完成选购决策。,偏爱有医疗/母婴背书、使用门槛低、配件齐全且售后明确的品牌；对安全材质、吸乳体验和噪音控制容忍度低；更相信长期口碑、专家建议和妈妈真实长评。 法语用户偏好内容与论坛并重，常通过论坛讨论、编辑部内容和专家文章完成选购决策。,"【VOC聚合·待业务审核】国际（VOC提及候选）：Spectra, Ardo, Medela, Philips, Philips Avent 等（以栏目为准）；本土/其他（VOC提及候选）：tire-lait, borstkolf, 测评选题（以首页与栏目为准）, 返岗泵奶, 机型对比（需点进线程）"
SA,breast_pump,babycenter_community,3,0,2,portability,Momcozy,,以孕晚期到产后12个月的妈妈为主，典型场景是母乳喂养、背奶和职场返岗；家庭中通常由妈妈主导选购，伴侣会参与价格与口碑对比；更关注吸力舒适度、静音、便携和清洗便利性。 海湾国家母婴用户高度活跃于视觉化社媒与阿语内容平台，短视频、群组互动和权威母婴站并行。,偏好真实使用演示、吸奶效率对比、配件清洗教程和背奶场景短视频；会主动搜索泌乳顾问、月嫂或KOL的经验分享；对“同泵不同罩杯/不同模式”的细节测评更敏感。 海湾国家母婴用户高度活跃于视觉化社媒与阿语内容平台，短视频、群组互动和权威母婴站并行。,偏爱有医疗/母婴背书、使用门槛低、配件齐全且售后明确的品牌；对安全材质、吸乳体验和噪音控制容忍度低；更相信长期口碑、专家建议和妈妈真实长评。 海湾国家母婴用户高度活跃于视觉化社媒与阿语内容平台，短视频、群组互动和权威母婴站并行。,"【VOC聚合·待业务审核】国际（VOC提及候选）：Medela, Spectra, Momcozy, MomCozy, Momcozy V1, Spectra S2 Plus 等（榜单含电动吸奶器类目）, Chicco, Philips Avent；本土/其他（VOC提及候选）：wearable pumps, Farlin"
FR,unknown,doctissimo_forum__magicmaman_forum,3,0,0,general,,,以孕晚期到产后12个月的妈妈为主，典型场景是母乳喂养、背奶和职场返岗；家庭中通常由妈妈主导选购，伴侣会参与价格与口碑对比；更关注吸力舒适度、静音、便携和清洗便利性。 法语用户偏好内容与论坛并重，常通过论坛讨论、编辑部内容和专家文章完成选购决策。,偏好真实使用演示、吸奶效率对比、配件清洗教程和背奶场景短视频；会主动搜索泌乳顾问、月嫂或KOL的经验分享；对“同泵不同罩杯/不同模式”的细节测评更敏感。 法语用户偏好内容与论坛并重，常通过论坛讨论、编辑部内容和专家文章完成选购决策。,偏爱有医疗/母婴背书、使用门槛低、配件齐全且售后明确的品牌；对安全材质、吸乳体验和噪音控制容忍度低；更相信长期口碑、专家建议和妈妈真实长评。 法语用户偏好内容与论坛并重，常通过论坛讨论、编辑部内容和专家文章完成选购决策。,"【VOC聚合·待业务审核】国际（VOC提及候选）：Spectra, Medela；本土/其他（VOC提及候选）：tire-lait, allaitement, tire-lait（需点进线程）, 手动, 电动, 双泵, 储存与清洁（以专题正文为准）, 租赁"
FR,unknown,amazonfr,6,0,4,general,medela,,以孕晚期到产后12个月的妈妈为主，典型场景是母乳喂养、背奶和职场返岗；家庭中通常由妈妈主导选购，伴侣会参与价格与口碑对比；更关注吸力舒适度、静音、便携和清洗便利性。 法语用户偏好内容与论坛并重，常通过论坛讨论、编辑部内容和专家文章完成选购决策。,偏好真实使用演示、吸奶效率对比、配件清洗教程和背奶场景短视频；会主动搜索泌乳顾问、月嫂或KOL的经验分享；对“同泵不同罩杯/不同模式”的细节测评更敏感。 法语用户偏好内容与论坛并重，常通过论坛讨论、编辑部内容和专家文章完成选购决策。,偏爱有医疗/母婴背书、使用门槛低、配件齐全且售后明确的品牌；对安全材质、吸乳体验和噪音控制容忍度低；更相信长期口碑、专家建议和妈妈真实长评。 法语用户偏好内容与论坛并重，常通过论坛讨论、编辑部内容和专家文章完成选购决策。,"【VOC聚合·待业务审核】国际（VOC提及候选）：Spectra, Medela；本土/其他（VOC提及候选）：tire-lait, allaitement, tire-lait（需点进线程）, 手动, 电动, 双泵, 储存与清洁（以专题正文为准）, 租赁"
FR,breast_pump,amazonfr,3,0,2,cleaning,,,以孕晚期到产后12个月的妈妈为主，典型场景是母乳喂养、背奶和职场返岗；家庭中通常由妈妈主导选购，伴侣会参与价格与口碑对比；更关注吸力舒适度、静音、便携和清洗便利性。 法语用户偏好内容与论坛并重，常通过论坛讨论、编辑部内容和专家文章完成选购决策。,偏好真实使用演示、吸奶效率对比、配件清洗教程和背奶场景短视频；会主动搜索泌乳顾问、月嫂或KOL的经验分享；对“同泵不同罩杯/不同模式”的细节测评更敏感。 法语用户偏好内容与论坛并重，常通过论坛讨论、编辑部内容和专家文章完成选购决策。,偏爱有医疗/母婴背书、使用门槛低、配件齐全且售后明确的品牌；对安全材质、吸乳体验和噪音控制容忍度低；更相信长期口碑、专家建议和妈妈真实长评。 法语用户偏好内容与论坛并重，常通过论坛讨论、编辑部内容和专家文章完成选购决策。,"【VOC聚合·待业务审核】国际（VOC提及候选）：Spectra, Medela；本土/其他（VOC提及候选）：tire-lait, allaitement, tire-lait（需点进线程）, 手动, 电动, 双泵, 储存与清洁（以专题正文为准）, 租赁"
TH,unknown,pantip,5,0,0,general,,,以孕晚期到产后12个月的妈妈为主，典型场景是母乳喂养、背奶和职场返岗；家庭中通常由妈妈主导选购，伴侣会参与价格与口碑对比；更关注吸力舒适度、静音、便携和清洗便利性。 东南亚妈妈人群高度依赖移动端和社媒，偏好短视频、社群口碑与本地化育儿内容同时存在。,偏好真实使用演示、吸奶效率对比、配件清洗教程和背奶场景短视频；会主动搜索泌乳顾问、月嫂或KOL的经验分享；对“同泵不同罩杯/不同模式”的细节测评更敏感。 东南亚妈妈人群高度依赖移动端和社媒，偏好短视频、社群口碑与本地化育儿内容同时存在。,偏爱有医疗/母婴背书、使用门槛低、配件齐全且售后明确的品牌；对安全材质、吸乳体验和噪音控制容忍度低；更相信长期口碑、专家建议和妈妈真实长评。 东南亚妈妈人群高度依赖移动端和社媒，偏好短视频、社群口碑与本地化育儿内容同时存在。,"【VOC聚合·待业务审核】国际（VOC提及候选）：Philips Avent, Medela（以站点导航为准）；本土/其他（VOC提及候选）：breast pump, นมแม่, pumping, hands-free, Premium Plus, Attitude Mom, Galaxy III, parents"
AU,breast_pump,babycenter_australia,2,0,1,hands_free,S2,,以孕晚期到产后12个月的妈妈为主，典型场景是母乳喂养、背奶和职场返岗；家庭中通常由妈妈主导选购，伴侣会参与价格与口碑对比；更关注吸力舒适度、静音、便携和清洗便利性。 澳新家庭偏好实用型育儿内容与社区问答并行，强调生活方式场景和专家建议。,偏好真实使用演示、吸奶效率对比、配件清洗教程和背奶场景短视频；会主动搜索泌乳顾问、月嫂或KOL的经验分享；对“同泵不同罩杯/不同模式”的细节测评更敏感。 澳新家庭偏好实用型育儿内容与社区问答并行，强调生活方式场景和专家建议。,偏爱有医疗/母婴背书、使用门槛低、配件齐全且售后明确的品牌；对安全材质、吸乳体验和噪音控制容忍度低；更相信长期口碑、专家建议和妈妈真实长评。 澳新家庭偏好实用型育儿内容与社区问答并行，强调生活方式场景和专家建议。,"【VOC聚合·待业务审核】国际（VOC提及候选）：Medela, Spectra, Spectra S2, Ardo Calypso, Spectra S2+；本土/其他（VOC提及候选）：breast pump, New Beginnings, review（结果列表随算法变化）, single electric breast pump, 含手挤, 手动泵, 电动泵等方法叙述"
AU,unknown,productreviewcomau,2,1,1,general,Medela,,以孕晚期到产后12个月的妈妈为主，典型场景是母乳喂养、背奶和职场返岗；家庭中通常由妈妈主导选购，伴侣会参与价格与口碑对比；更关注吸力舒适度、静音、便携和清洗便利性。 澳新家庭偏好实用型育儿内容与社区问答并行，强调生活方式场景和专家建议。,偏好真实使用演示、吸奶效率对比、配件清洗教程和背奶场景短视频；会主动搜索泌乳顾问、月嫂或KOL的经验分享；对“同泵不同罩杯/不同模式”的细节测评更敏感。 澳新家庭偏好实用型育儿内容与社区问答并行，强调生活方式场景和专家建议。,偏爱有医疗/母婴背书、使用门槛低、配件齐全且售后明确的品牌；对安全材质、吸乳体验和噪音控制容忍度低；更相信长期口碑、专家建议和妈妈真实长评。 澳新家庭偏好实用型育儿内容与社区问答并行，强调生活方式场景和专家建议。,"【VOC聚合·待业务审核】国际（VOC提及候选）：Medela, Spectra, Spectra S2, Ardo Calypso, Spectra S2+；本土/其他（VOC提及候选）：breast pump, New Beginnings, review（结果列表随算法变化）, single electric breast pump, 含手挤, 手动泵, 电动泵等方法叙述"
AU,breast_pump,amazoncomau,15,1,1,pump_modes,Philips,,以孕晚期到产后12个月的妈妈为主，典型场景是母乳喂养、背奶和职场返岗；家庭中通常由妈妈主导选购，伴侣会参与价格与口碑对比；更关注吸力舒适度、静音、便携和清洗便利性。 澳新家庭偏好实用型育儿内容与社区问答并行，强调生活方式场景和专家建议。,偏好真实使用演示、吸奶效率对比、配件清洗教程和背奶场景短视频；会主动搜索泌乳顾问、月嫂或KOL的经验分享；对“同泵不同罩杯/不同模式”的细节测评更敏感。 澳新家庭偏好实用型育儿内容与社区问答并行，强调生活方式场景和专家建议。,偏爱有医疗/母婴背书、使用门槛低、配件齐全且售后明确的品牌；对安全材质、吸乳体验和噪音控制容忍度低；更相信长期口碑、专家建议和妈妈真实长评。 澳新家庭偏好实用型育儿内容与社区问答并行，强调生活方式场景和专家建议。,"【VOC聚合·待业务审核】国际（VOC提及候选）：Medela, Spectra, Spectra S2, Ardo Calypso, Spectra S2+；本土/其他（VOC提及候选）：breast pump, New Beginnings, review（结果列表随算法变化）, single electric breast pump, 含手挤, 手动泵, 电动泵等方法叙述"
AU,unknown,amazoncomau,5,0,1,general,,,以孕晚期到产后12个月的妈妈为主，典型场景是母乳喂养、背奶和职场返岗；家庭中通常由妈妈主导选购，伴侣会参与价格与口碑对比；更关注吸力舒适度、静音、便携和清洗便利性。 澳新家庭偏好实用型育儿内容与社区问答并行，强调生活方式场景和专家建议。,偏好真实使用演示、吸奶效率对比、配件清洗教程和背奶场景短视频；会主动搜索泌乳顾问、月嫂或KOL的经验分享；对“同泵不同罩杯/不同模式”的细节测评更敏感。 澳新家庭偏好实用型育儿内容与社区问答并行，强调生活方式场景和专家建议。,偏爱有医疗/母婴背书、使用门槛低、配件齐全且售后明确的品牌；对安全材质、吸乳体验和噪音控制容忍度低；更相信长期口碑、专家建议和妈妈真实长评。 澳新家庭偏好实用型育儿内容与社区问答并行，强调生活方式场景和专家建议。,"【VOC聚合·待业务审核】国际（VOC提及候选）：Medela, Spectra, Spectra S2, Ardo Calypso, Spectra S2+；本土/其他（VOC提及候选）：breast pump, New Beginnings, review（结果列表随算法变化）, single electric breast pump, 含手挤, 手动泵, 电动泵等方法叙述"
IE,breast_pump,rollercoasterie,4,0,2,general,Medela,,以孕晚期到产后12个月的妈妈为主，典型场景是母乳喂养、背奶和职场返岗；家庭中通常由妈妈主导选购，伴侣会参与价格与口碑对比；更关注吸力舒适度、静音、便携和清洗便利性。 英爱市场更偏好讨论氛围强的育儿论坛与大社媒联动，妈妈群体重视真实经验和可执行建议。,偏好真实使用演示、吸奶效率对比、配件清洗教程和背奶场景短视频；会主动搜索泌乳顾问、月嫂或KOL的经验分享；对“同泵不同罩杯/不同模式”的细节测评更敏感。 英爱市场更偏好讨论氛围强的育儿论坛与大社媒联动，妈妈群体重视真实经验和可执行建议。,偏爱有医疗/母婴背书、使用门槛低、配件齐全且售后明确的品牌；对安全材质、吸乳体验和噪音控制容忍度低；更相信长期口碑、专家建议和妈妈真实长评。 英爱市场更偏好讨论氛围强的育儿论坛与大社媒联动，妈妈群体重视真实经验和可执行建议。,"【VOC聚合·待业务审核】国际（VOC提及候选）：Tommee Tippee, Medela, Medela Symphony, Elvie, Elvie（可穿戴吸奶器线）, Elvie Pump Single 2；本土/其他（VOC提及候选）：breast pump, MAM Move, wearable breast pump, Nuby, wireless breast pump, electric breast pump"
SE,unknown,youtube,1,0,0,general,,,以孕晚期到产后12个月的妈妈为主，典型场景是母乳喂养、背奶和职场返岗；家庭中通常由妈妈主导选购，伴侣会参与价格与口碑对比；更关注吸力舒适度、静音、便携和清洗便利性。 瑞典妈妈在本地家庭论坛与社媒并行获取信息，更重视体验透明度和长评。,偏好真实使用演示、吸奶效率对比、配件清洗教程和背奶场景短视频；会主动搜索泌乳顾问、月嫂或KOL的经验分享；对“同泵不同罩杯/不同模式”的细节测评更敏感。 瑞典妈妈在本地家庭论坛与社媒并行获取信息，更重视体验透明度和长评。,偏爱有医疗/母婴背书、使用门槛低、配件齐全且售后明确的品牌；对安全材质、吸乳体验和噪音控制容忍度低；更相信长期口碑、专家建议和妈妈真实长评。 瑞典妈妈在本地家庭论坛与社媒并行获取信息，更重视体验透明度和长评。,"【VOC聚合·待业务审核】国际（VOC提及候选）：Medela, Spectra, Philips；本土/其他（VOC提及候选）：tester, el, handmjölka"
SE,unknown,familjelivse,12,0,0,general,,,以孕晚期到产后12个月的妈妈为主，典型场景是母乳喂养、背奶和职场返岗；家庭中通常由妈妈主导选购，伴侣会参与价格与口碑对比；更关注吸力舒适度、静音、便携和清洗便利性。 瑞典妈妈在本地家庭论坛与社媒并行获取信息，更重视体验透明度和长评。,偏好真实使用演示、吸奶效率对比、配件清洗教程和背奶场景短视频；会主动搜索泌乳顾问、月嫂或KOL的经验分享；对“同泵不同罩杯/不同模式”的细节测评更敏感。 瑞典妈妈在本地家庭论坛与社媒并行获取信息，更重视体验透明度和长评。,偏爱有医疗/母婴背书、使用门槛低、配件齐全且售后明确的品牌；对安全材质、吸乳体验和噪音控制容忍度低；更相信长期口碑、专家建议和妈妈真实长评。 瑞典妈妈在本地家庭论坛与社媒并行获取信息，更重视体验透明度和长评。,"【VOC聚合·待业务审核】国际（VOC提及候选）：Medela, Spectra, Philips；本土/其他（VOC提及候选）：tester, el, handmjölka"
CH,breast_pump,babyforumch,3,0,1,general,Medela,,以孕晚期到产后12个月的妈妈为主，典型场景是母乳喂养、背奶和职场返岗；家庭中通常由妈妈主导选购，伴侣会参与价格与口碑对比；更关注吸力舒适度、静音、便携和清洗便利性。 德语区用户习惯在专业育儿站与论坛中做深度对比，决策更看重功能细节与专家答疑。,偏好真实使用演示、吸奶效率对比、配件清洗教程和背奶场景短视频；会主动搜索泌乳顾问、月嫂或KOL的经验分享；对“同泵不同罩杯/不同模式”的细节测评更敏感。 德语区用户习惯在专业育儿站与论坛中做深度对比，决策更看重功能细节与专家答疑。,偏爱有医疗/母婴背书、使用门槛低、配件齐全且售后明确的品牌；对安全材质、吸乳体验和噪音控制容忍度低；更相信长期口碑、专家建议和妈妈真实长评。 德语区用户习惯在专业育儿站与论坛中做深度对比，决策更看重功能细节与专家答疑。,"【VOC聚合·待业务审核】国际（VOC提及候选）：Medela Symphony, Momcozy M5, Elvie, Medela Motion InBra, Ardo Melia, Medela Freestyle, Medela Freestyle Hands-free；本土/其他（VOC提及候选）：Helsana, SWICA, CSS, eufy 等, Ersatzteile"
KW,unknown,supermama,1,0,0,general,,,以孕晚期到产后12个月的妈妈为主，典型场景是母乳喂养、背奶和职场返岗；家庭中通常由妈妈主导选购，伴侣会参与价格与口碑对比；更关注吸力舒适度、静音、便携和清洗便利性。 海湾国家母婴用户高度活跃于视觉化社媒与阿语内容平台，短视频、群组互动和权威母婴站并行。,偏好真实使用演示、吸奶效率对比、配件清洗教程和背奶场景短视频；会主动搜索泌乳顾问、月嫂或KOL的经验分享；对“同泵不同罩杯/不同模式”的细节测评更敏感。 海湾国家母婴用户高度活跃于视觉化社媒与阿语内容平台，短视频、群组互动和权威母婴站并行。,偏爱有医疗/母婴背书、使用门槛低、配件齐全且售后明确的品牌；对安全材质、吸乳体验和噪音控制容忍度低；更相信长期口碑、专家建议和妈妈真实长评。 海湾国家母婴用户高度活跃于视觉化社媒与阿语内容平台，短视频、群组互动和权威母婴站并行。,"【VOC聚合·待业务审核】国际（VOC提及候选）：Medela, Spectra；本土/其他（VOC提及候选）：ورش, （无）, wearable, breast pump, Mothercare, Pippeta, Hegen, 以搜索结果 SKU 为准"
TN,unknown,leaders_tunisie,2,0,0,general,,,以孕晚期到产后12个月的妈妈为主，典型场景是母乳喂养、背奶和职场返岗；家庭中通常由妈妈主导选购，伴侣会参与价格与口碑对比；更关注吸力舒适度、静音、便携和清洗便利性。 阿语非海湾市场同样依赖阿语母婴内容站与社媒互动，价格敏感度和真实体验口碑都较高。,偏好真实使用演示、吸奶效率对比、配件清洗教程和背奶场景短视频；会主动搜索泌乳顾问、月嫂或KOL的经验分享；对“同泵不同罩杯/不同模式”的细节测评更敏感。 阿语非海湾市场同样依赖阿语母婴内容站与社媒互动，价格敏感度和真实体验口碑都较高。,偏爱有医疗/母婴背书、使用门槛低、配件齐全且售后明确的品牌；对安全材质、吸乳体验和噪音控制容忍度低；更相信长期口碑、专家建议和妈妈真实长评。 阿语非海湾市场同样依赖阿语母婴内容站与社媒互动，价格敏感度和真实体验口碑都较高。,"【VOC聚合·待业务审核】国际（VOC提及候选）：Chicco, Chicco tire-lait manuel；本土/其他（VOC提及候选）：travail, allaitement, tire-lait, allaitement maternel, association HANEN, tirer le lait, congeler le lait, الرضاعة الطبيعية"
TN,unknown,the_milkyway_tunisia,1,0,0,general,,,以孕晚期到产后12个月的妈妈为主，典型场景是母乳喂养、背奶和职场返岗；家庭中通常由妈妈主导选购，伴侣会参与价格与口碑对比；更关注吸力舒适度、静音、便携和清洗便利性。 阿语非海湾市场同样依赖阿语母婴内容站与社媒互动，价格敏感度和真实体验口碑都较高。,偏好真实使用演示、吸奶效率对比、配件清洗教程和背奶场景短视频；会主动搜索泌乳顾问、月嫂或KOL的经验分享；对“同泵不同罩杯/不同模式”的细节测评更敏感。 阿语非海湾市场同样依赖阿语母婴内容站与社媒互动，价格敏感度和真实体验口碑都较高。,偏爱有医疗/母婴背书、使用门槛低、配件齐全且售后明确的品牌；对安全材质、吸乳体验和噪音控制容忍度低；更相信长期口碑、专家建议和妈妈真实长评。 阿语非海湾市场同样依赖阿语母婴内容站与社媒互动，价格敏感度和真实体验口碑都较高。,"【VOC聚合·待业务审核】国际（VOC提及候选）：Chicco, Chicco tire-lait manuel；本土/其他（VOC提及候选）：travail, allaitement, tire-lait, allaitement maternel, association HANEN, tirer le lait, congeler le lait, الرضاعة الطبيعية"
TN,unknown,medma,1,0,0,general,,,以孕晚期到产后12个月的妈妈为主，典型场景是母乳喂养、背奶和职场返岗；家庭中通常由妈妈主导选购，伴侣会参与价格与口碑对比；更关注吸力舒适度、静音、便携和清洗便利性。 阿语非海湾市场同样依赖阿语母婴内容站与社媒互动，价格敏感度和真实体验口碑都较高。,偏好真实使用演示、吸奶效率对比、配件清洗教程和背奶场景短视频；会主动搜索泌乳顾问、月嫂或KOL的经验分享；对“同泵不同罩杯/不同模式”的细节测评更敏感。 阿语非海湾市场同样依赖阿语母婴内容站与社媒互动，价格敏感度和真实体验口碑都较高。,偏爱有医疗/母婴背书、使用门槛低、配件齐全且售后明确的品牌；对安全材质、吸乳体验和噪音控制容忍度低；更相信长期口碑、专家建议和妈妈真实长评。 阿语非海湾市场同样依赖阿语母婴内容站与社媒互动，价格敏感度和真实体验口碑都较高。,"【VOC聚合·待业务审核】国际（VOC提及候选）：Chicco, Chicco tire-lait manuel；本土/其他（VOC提及候选）：travail, allaitement, tire-lait, allaitement maternel, association HANEN, tirer le lait, congeler le lait, الرضاعة الطبيعية"
RO,unknown,emag,3,0,0,general,,,以孕晚期到产后12个月的妈妈为主，典型场景是母乳喂养、背奶和职场返岗；家庭中通常由妈妈主导选购，伴侣会参与价格与口碑对比；更关注吸力舒适度、静音、便携和清洗便利性。 中东欧与长尾欧洲市场本地垂类媒体较分散，妈妈用户常同时使用全球母婴内容站和本地社媒群组完成决策。,偏好真实使用演示、吸奶效率对比、配件清洗教程和背奶场景短视频；会主动搜索泌乳顾问、月嫂或KOL的经验分享；对“同泵不同罩杯/不同模式”的细节测评更敏感。 中东欧与长尾欧洲市场本地垂类媒体较分散，妈妈用户常同时使用全球母婴内容站和本地社媒群组完成决策。,偏爱有医疗/母婴背书、使用门槛低、配件齐全且售后明确的品牌；对安全材质、吸乳体验和噪音控制容忍度低；更相信长期口碑、专家建议和妈妈真实长评。 中东欧与长尾欧洲市场本地垂类媒体较分散，妈妈用户常同时使用全球母婴内容站和本地社媒群组完成决策。,"【VOC聚合·待业务审核】国际（VOC提及候选）：MOMCOZY, Philips-AVENT, Medela, NUK 等品牌筛选项, PHILIPS AVENT；本土/其他（VOC提及候选）：Doopser, pompa de san electrica, lactatie, Neno, Doopser DPS-010, XIOMAX, LORELLI 等品牌筛选项"
KE,breast_pump,__,2,0,0,general,,,以孕晚期到产后12个月的妈妈为主，典型场景是母乳喂养、背奶和职场返岗；家庭中通常由妈妈主导选购，伴侣会参与价格与口碑对比；更关注吸力舒适度、静音、便携和清洗便利性。 非洲英语市场更依赖Facebook生态、本地育儿媒体与移动端短视频；社区与内容电商结合度高。,偏好真实使用演示、吸奶效率对比、配件清洗教程和背奶场景短视频；会主动搜索泌乳顾问、月嫂或KOL的经验分享；对“同泵不同罩杯/不同模式”的细节测评更敏感。 非洲英语市场更依赖Facebook生态、本地育儿媒体与移动端短视频；社区与内容电商结合度高。,偏爱有医疗/母婴背书、使用门槛低、配件齐全且售后明确的品牌；对安全材质、吸乳体验和噪音控制容忍度低；更相信长期口碑、专家建议和妈妈真实长评。 非洲英语市场更依赖Facebook生态、本地育儿媒体与移动端短视频；社区与内容电商结合度高。,"【VOC聚合·待业务审核】国际（VOC提及候选）：Medela, Philips；本土/其他（VOC提及候选）：Generic, 第三方卖家, breastfeeding, breast pump Kenya, baby care, wearable, newborn, nutrition"
KE,unknown,jumia_kenya,5,0,1,general,,,以孕晚期到产后12个月的妈妈为主，典型场景是母乳喂养、背奶和职场返岗；家庭中通常由妈妈主导选购，伴侣会参与价格与口碑对比；更关注吸力舒适度、静音、便携和清洗便利性。 非洲英语市场更依赖Facebook生态、本地育儿媒体与移动端短视频；社区与内容电商结合度高。,偏好真实使用演示、吸奶效率对比、配件清洗教程和背奶场景短视频；会主动搜索泌乳顾问、月嫂或KOL的经验分享；对“同泵不同罩杯/不同模式”的细节测评更敏感。 非洲英语市场更依赖Facebook生态、本地育儿媒体与移动端短视频；社区与内容电商结合度高。,偏爱有医疗/母婴背书、使用门槛低、配件齐全且售后明确的品牌；对安全材质、吸乳体验和噪音控制容忍度低；更相信长期口碑、专家建议和妈妈真实长评。 非洲英语市场更依赖Facebook生态、本地育儿媒体与移动端短视频；社区与内容电商结合度高。,"【VOC聚合·待业务审核】国际（VOC提及候选）：Medela, Philips；本土/其他（VOC提及候选）：Generic, 第三方卖家, breastfeeding, breast pump Kenya, baby care, wearable, newborn, nutrition"
KE,breast_pump,jumia_kenya,22,0,11,general,,,以孕晚期到产后12个月的妈妈为主，典型场景是母乳喂养、背奶和职场返岗；家庭中通常由妈妈主导选购，伴侣会参与价格与口碑对比；更关注吸力舒适度、静音、便携和清洗便利性。 非洲英语市场更依赖Facebook生态、本地育儿媒体与移动端短视频；社区与内容电商结合度高。,偏好真实使用演示、吸奶效率对比、配件清洗教程和背奶场景短视频；会主动搜索泌乳顾问、月嫂或KOL的经验分享；对“同泵不同罩杯/不同模式”的细节测评更敏感。 非洲英语市场更依赖Facebook生态、本地育儿媒体与移动端短视频；社区与内容电商结合度高。,偏爱有医疗/母婴背书、使用门槛低、配件齐全且售后明确的品牌；对安全材质、吸乳体验和噪音控制容忍度低；更相信长期口碑、专家建议和妈妈真实长评。 非洲英语市场更依赖Facebook生态、本地育儿媒体与移动端短视频；社区与内容电商结合度高。,"【VOC聚合·待业务审核】国际（VOC提及候选）：Medela, Philips；本土/其他（VOC提及候选）：Generic, 第三方卖家, breastfeeding, breast pump Kenya, baby care, wearable, newborn, nutrition"
FI,unknown,youtube,1,0,0,general,,,以孕晚期到产后12个月的妈妈为主，典型场景是母乳喂养、背奶和职场返岗；家庭中通常由妈妈主导选购，伴侣会参与价格与口碑对比；更关注吸力舒适度、静音、便携和清洗便利性。 芬兰家长偏好高可信、阶段化的内容，论坛和专业媒体在育儿选品中影响力较强。,偏好真实使用演示、吸奶效率对比、配件清洗教程和背奶场景短视频；会主动搜索泌乳顾问、月嫂或KOL的经验分享；对“同泵不同罩杯/不同模式”的细节测评更敏感。 芬兰家长偏好高可信、阶段化的内容，论坛和专业媒体在育儿选品中影响力较强。,偏爱有医疗/母婴背书、使用门槛低、配件齐全且售后明确的品牌；对安全材质、吸乳体验和噪音控制容忍度低；更相信长期口碑、专家建议和妈妈真实长评。 芬兰家长偏好高可信、阶段化的内容，论坛和专业媒体在育儿选品中影响力较强。,"【VOC聚合·待业务审核】国际（VOC提及候选）：Medela, Spectra, Philips；本土/其他（VOC提及候选）：sähköinen, imetys, testit, 以站点导航为准"
FI,unknown,vauvafi,15,0,0,general,,,以孕晚期到产后12个月的妈妈为主，典型场景是母乳喂养、背奶和职场返岗；家庭中通常由妈妈主导选购，伴侣会参与价格与口碑对比；更关注吸力舒适度、静音、便携和清洗便利性。 芬兰家长偏好高可信、阶段化的内容，论坛和专业媒体在育儿选品中影响力较强。,偏好真实使用演示、吸奶效率对比、配件清洗教程和背奶场景短视频；会主动搜索泌乳顾问、月嫂或KOL的经验分享；对“同泵不同罩杯/不同模式”的细节测评更敏感。 芬兰家长偏好高可信、阶段化的内容，论坛和专业媒体在育儿选品中影响力较强。,偏爱有医疗/母婴背书、使用门槛低、配件齐全且售后明确的品牌；对安全材质、吸乳体验和噪音控制容忍度低；更相信长期口碑、专家建议和妈妈真实长评。 芬兰家长偏好高可信、阶段化的内容，论坛和专业媒体在育儿选品中影响力较强。,"【VOC聚合·待业务审核】国际（VOC提及候选）：Medela, Spectra, Philips；本土/其他（VOC提及候选）：sähköinen, imetys, testit, 以站点导航为准"
GB,breast_pump,netmums,2,0,1,milk_output,,,以孕晚期到产后12个月的妈妈为主，典型场景是母乳喂养、背奶和职场返岗；家庭中通常由妈妈主导选购，伴侣会参与价格与口碑对比；更关注吸力舒适度、静音、便携和清洗便利性。 英爱市场更偏好讨论氛围强的育儿论坛与大社媒联动，妈妈群体重视真实经验和可执行建议。,偏好真实使用演示、吸奶效率对比、配件清洗教程和背奶场景短视频；会主动搜索泌乳顾问、月嫂或KOL的经验分享；对“同泵不同罩杯/不同模式”的细节测评更敏感。 英爱市场更偏好讨论氛围强的育儿论坛与大社媒联动，妈妈群体重视真实经验和可执行建议。,偏爱有医疗/母婴背书、使用门槛低、配件齐全且售后明确的品牌；对安全材质、吸乳体验和噪音控制容忍度低；更相信长期口碑、专家建议和妈妈真实长评。 英爱市场更偏好讨论氛围强的育儿论坛与大社媒联动，妈妈群体重视真实经验和可执行建议。,"【VOC聚合·待业务审核】国际（VOC提及候选）：Elvie, Elvie（可穿戴吸奶器线）, Medela；本土/其他（VOC提及候选）：breast pump, wearable, 无单一商业品牌, 含哺乳支持文章列表, 多品牌吸奶器（以类目列表为准）, 含子专题入口（含 expressing 相关链接）, 区分 manual, electric pump"
GB,breast_pump,mumsnet,2,0,1,general,,,以孕晚期到产后12个月的妈妈为主，典型场景是母乳喂养、背奶和职场返岗；家庭中通常由妈妈主导选购，伴侣会参与价格与口碑对比；更关注吸力舒适度、静音、便携和清洗便利性。 英爱市场更偏好讨论氛围强的育儿论坛与大社媒联动，妈妈群体重视真实经验和可执行建议。,偏好真实使用演示、吸奶效率对比、配件清洗教程和背奶场景短视频；会主动搜索泌乳顾问、月嫂或KOL的经验分享；对“同泵不同罩杯/不同模式”的细节测评更敏感。 英爱市场更偏好讨论氛围强的育儿论坛与大社媒联动，妈妈群体重视真实经验和可执行建议。,偏爱有医疗/母婴背书、使用门槛低、配件齐全且售后明确的品牌；对安全材质、吸乳体验和噪音控制容忍度低；更相信长期口碑、专家建议和妈妈真实长评。 英爱市场更偏好讨论氛围强的育儿论坛与大社媒联动，妈妈群体重视真实经验和可执行建议。,"【VOC聚合·待业务审核】国际（VOC提及候选）：Elvie, Elvie（可穿戴吸奶器线）, Medela；本土/其他（VOC提及候选）：breast pump, wearable, 无单一商业品牌, 含哺乳支持文章列表, 多品牌吸奶器（以类目列表为准）, 含子专题入口（含 expressing 相关链接）, 区分 manual, electric pump"
GB,unknown,mumsnet,3,0,1,general,,,以孕晚期到产后12个月的妈妈为主，典型场景是母乳喂养、背奶和职场返岗；家庭中通常由妈妈主导选购，伴侣会参与价格与口碑对比；更关注吸力舒适度、静音、便携和清洗便利性。 英爱市场更偏好讨论氛围强的育儿论坛与大社媒联动，妈妈群体重视真实经验和可执行建议。,偏好真实使用演示、吸奶效率对比、配件清洗教程和背奶场景短视频；会主动搜索泌乳顾问、月嫂或KOL的经验分享；对“同泵不同罩杯/不同模式”的细节测评更敏感。 英爱市场更偏好讨论氛围强的育儿论坛与大社媒联动，妈妈群体重视真实经验和可执行建议。,偏爱有医疗/母婴背书、使用门槛低、配件齐全且售后明确的品牌；对安全材质、吸乳体验和噪音控制容忍度低；更相信长期口碑、专家建议和妈妈真实长评。 英爱市场更偏好讨论氛围强的育儿论坛与大社媒联动，妈妈群体重视真实经验和可执行建议。,"【VOC聚合·待业务审核】国际（VOC提及候选）：Elvie, Elvie（可穿戴吸奶器线）, Medela；本土/其他（VOC提及候选）：breast pump, wearable, 无单一商业品牌, 含哺乳支持文章列表, 多品牌吸奶器（以类目列表为准）, 含子专题入口（含 expressing 相关链接）, 区分 manual, electric pump"
GB,breast_pump,amazoncouk,5,0,2,cleaning,,,以孕晚期到产后12个月的妈妈为主，典型场景是母乳喂养、背奶和职场返岗；家庭中通常由妈妈主导选购，伴侣会参与价格与口碑对比；更关注吸力舒适度、静音、便携和清洗便利性。 英爱市场更偏好讨论氛围强的育儿论坛与大社媒联动，妈妈群体重视真实经验和可执行建议。,偏好真实使用演示、吸奶效率对比、配件清洗教程和背奶场景短视频；会主动搜索泌乳顾问、月嫂或KOL的经验分享；对“同泵不同罩杯/不同模式”的细节测评更敏感。 英爱市场更偏好讨论氛围强的育儿论坛与大社媒联动，妈妈群体重视真实经验和可执行建议。,偏爱有医疗/母婴背书、使用门槛低、配件齐全且售后明确的品牌；对安全材质、吸乳体验和噪音控制容忍度低；更相信长期口碑、专家建议和妈妈真实长评。 英爱市场更偏好讨论氛围强的育儿论坛与大社媒联动，妈妈群体重视真实经验和可执行建议。,"【VOC聚合·待业务审核】国际（VOC提及候选）：Elvie, Elvie（可穿戴吸奶器线）, Medela；本土/其他（VOC提及候选）：breast pump, wearable, 无单一商业品牌, 含哺乳支持文章列表, 多品牌吸奶器（以类目列表为准）, 含子专题入口（含 expressing 相关链接）, 区分 manual, electric pump"
GB,unknown,amazoncouk,9,0,5,general,medela,,以孕晚期到产后12个月的妈妈为主，典型场景是母乳喂养、背奶和职场返岗；家庭中通常由妈妈主导选购，伴侣会参与价格与口碑对比；更关注吸力舒适度、静音、便携和清洗便利性。 英爱市场更偏好讨论氛围强的育儿论坛与大社媒联动，妈妈群体重视真实经验和可执行建议。,偏好真实使用演示、吸奶效率对比、配件清洗教程和背奶场景短视频；会主动搜索泌乳顾问、月嫂或KOL的经验分享；对“同泵不同罩杯/不同模式”的细节测评更敏感。 英爱市场更偏好讨论氛围强的育儿论坛与大社媒联动，妈妈群体重视真实经验和可执行建议。,偏爱有医疗/母婴背书、使用门槛低、配件齐全且售后明确的品牌；对安全材质、吸乳体验和噪音控制容忍度低；更相信长期口碑、专家建议和妈妈真实长评。 英爱市场更偏好讨论氛围强的育儿论坛与大社媒联动，妈妈群体重视真实经验和可执行建议。,"【VOC聚合·待业务审核】国际（VOC提及候选）：Elvie, Elvie（可穿戴吸奶器线）, Medela；本土/其他（VOC提及候选）：breast pump, wearable, 无单一商业品牌, 含哺乳支持文章列表, 多品牌吸奶器（以类目列表为准）, 含子专题入口（含 expressing 相关链接）, 区分 manual, electric pump"
NL,unknown,oudersnl_forum,2,0,0,general,Medela,,以孕晚期到产后12个月的妈妈为主，典型场景是母乳喂养、背奶和职场返岗；家庭中通常由妈妈主导选购，伴侣会参与价格与口碑对比；更关注吸力舒适度、静音、便携和清洗便利性。 荷兰家庭倾向理性比较与实用内容，偏好简洁可信的育儿资料和本地社区经验。,偏好真实使用演示、吸奶效率对比、配件清洗教程和背奶场景短视频；会主动搜索泌乳顾问、月嫂或KOL的经验分享；对“同泵不同罩杯/不同模式”的细节测评更敏感。 荷兰家庭倾向理性比较与实用内容，偏好简洁可信的育儿资料和本地社区经验。,偏爱有医疗/母婴背书、使用门槛低、配件齐全且售后明确的品牌；对安全材质、吸乳体验和噪音控制容忍度低；更相信长期口碑、专家建议和妈妈真实长评。 荷兰家庭倾向理性比较与实用内容，偏好简洁可信的育儿资料和本地社区经验。,"【VOC聚合·待业务审核】国际（VOC提及候选）：Medela, Elvie, Medela Swing Maxi, Elvie Pump Double, Philips Avent；本土/其他（VOC提及候选）：borstvoeding, kolven, consultatiebureau, Difrax, borstkolf, tweedehands borstkolf, hygiëne"
NL,unknown,forumoudersvannunl,2,0,0,general,philips,,以孕晚期到产后12个月的妈妈为主，典型场景是母乳喂养、背奶和职场返岗；家庭中通常由妈妈主导选购，伴侣会参与价格与口碑对比；更关注吸力舒适度、静音、便携和清洗便利性。 荷兰家庭倾向理性比较与实用内容，偏好简洁可信的育儿资料和本地社区经验。,偏好真实使用演示、吸奶效率对比、配件清洗教程和背奶场景短视频；会主动搜索泌乳顾问、月嫂或KOL的经验分享；对“同泵不同罩杯/不同模式”的细节测评更敏感。 荷兰家庭倾向理性比较与实用内容，偏好简洁可信的育儿资料和本地社区经验。,偏爱有医疗/母婴背书、使用门槛低、配件齐全且售后明确的品牌；对安全材质、吸乳体验和噪音控制容忍度低；更相信长期口碑、专家建议和妈妈真实长评。 荷兰家庭倾向理性比较与实用内容，偏好简洁可信的育儿资料和本地社区经验。,"【VOC聚合·待业务审核】国际（VOC提及候选）：Medela, Elvie, Medela Swing Maxi, Elvie Pump Double, Philips Avent；本土/其他（VOC提及候选）：borstvoeding, kolven, consultatiebureau, Difrax, borstkolf, tweedehands borstkolf, hygiëne"
PT,unknown,de_me_para_me,3,0,0,general,Philips,,以孕晚期到产后12个月的妈妈为主，典型场景是母乳喂养、背奶和职场返岗；家庭中通常由妈妈主导选购，伴侣会参与价格与口碑对比；更关注吸力舒适度、静音、便携和清洗便利性。 中东欧与长尾欧洲市场本地垂类媒体较分散，妈妈用户常同时使用全球母婴内容站和本地社媒群组完成决策。,偏好真实使用演示、吸奶效率对比、配件清洗教程和背奶场景短视频；会主动搜索泌乳顾问、月嫂或KOL的经验分享；对“同泵不同罩杯/不同模式”的细节测评更敏感。 中东欧与长尾欧洲市场本地垂类媒体较分散，妈妈用户常同时使用全球母婴内容站和本地社媒群组完成决策。,偏爱有医疗/母婴背书、使用门槛低、配件齐全且售后明确的品牌；对安全材质、吸乳体验和噪音控制容忍度低；更相信长期口碑、专家建议和妈妈真实长评。 中东欧与长尾欧洲市场本地垂类媒体较分散，妈妈用户常同时使用全球母婴内容站和本地社媒群组完成决策。,"【VOC聚合·待业务审核】国际（VOC提及候选）：Chicco, Philips Avent, Medela, Nuk；本土/其他（VOC提及候选）：bomba tira leite, extrator manual, bomba elétrica, aleitamento materno, amamentação, aleitamento, WHO"
ES,unknown,amazones,16,0,5,general,medela,,以孕晚期到产后12个月的妈妈为主，典型场景是母乳喂养、背奶和职场返岗；家庭中通常由妈妈主导选购，伴侣会参与价格与口碑对比；更关注吸力舒适度、静音、便携和清洗便利性。 西语欧洲市场偏好家庭导向、可操作性强的育儿内容，对图文+短视频结合的转化效率较高。,偏好真实使用演示、吸奶效率对比、配件清洗教程和背奶场景短视频；会主动搜索泌乳顾问、月嫂或KOL的经验分享；对“同泵不同罩杯/不同模式”的细节测评更敏感。 西语欧洲市场偏好家庭导向、可操作性强的育儿内容，对图文+短视频结合的转化效率较高。,偏爱有医疗/母婴背书、使用门槛低、配件齐全且售后明确的品牌；对安全材质、吸乳体验和噪音控制容忍度低；更相信长期口碑、专家建议和妈妈真实长评。 西语欧洲市场偏好家庭导向、可操作性强的育儿内容，对图文+短视频结合的转化效率较高。,"【VOC聚合·待业务审核】国际（VOC提及候选）：Medela, Spectra；本土/其他（VOC提及候选）：sacaleches, embarazo, 电动泵, 含 OMS, 临床与服务体系语境, 手动, 电动, 双头价位区间与 AEP 指南引用语境（以正文为准）"
ES,breast_pump,amazones,7,0,2,cleaning,,,以孕晚期到产后12个月的妈妈为主，典型场景是母乳喂养、背奶和职场返岗；家庭中通常由妈妈主导选购，伴侣会参与价格与口碑对比；更关注吸力舒适度、静音、便携和清洗便利性。 西语欧洲市场偏好家庭导向、可操作性强的育儿内容，对图文+短视频结合的转化效率较高。,偏好真实使用演示、吸奶效率对比、配件清洗教程和背奶场景短视频；会主动搜索泌乳顾问、月嫂或KOL的经验分享；对“同泵不同罩杯/不同模式”的细节测评更敏感。 西语欧洲市场偏好家庭导向、可操作性强的育儿内容，对图文+短视频结合的转化效率较高。,偏爱有医疗/母婴背书、使用门槛低、配件齐全且售后明确的品牌；对安全材质、吸乳体验和噪音控制容忍度低；更相信长期口碑、专家建议和妈妈真实长评。 西语欧洲市场偏好家庭导向、可操作性强的育儿内容，对图文+短视频结合的转化效率较高。,"【VOC聚合·待业务审核】国际（VOC提及候选）：Medela, Spectra；本土/其他（VOC提及候选）：sacaleches, embarazo, 电动泵, 含 OMS, 临床与服务体系语境, 手动, 电动, 双头价位区间与 AEP 指南引用语境（以正文为准）"
AL,unknown,youtube_sqen,1,0,0,general,,,以孕晚期到产后12个月的妈妈为主，典型场景是母乳喂养、背奶和职场返岗；家庭中通常由妈妈主导选购，伴侣会参与价格与口碑对比；更关注吸力舒适度、静音、便携和清洗便利性。 中东欧与长尾欧洲市场本地垂类媒体较分散，妈妈用户常同时使用全球母婴内容站和本地社媒群组完成决策。,偏好真实使用演示、吸奶效率对比、配件清洗教程和背奶场景短视频；会主动搜索泌乳顾问、月嫂或KOL的经验分享；对“同泵不同罩杯/不同模式”的细节测评更敏感。 中东欧与长尾欧洲市场本地垂类媒体较分散，妈妈用户常同时使用全球母婴内容站和本地社媒群组完成决策。,偏爱有医疗/母婴背书、使用门槛低、配件齐全且售后明确的品牌；对安全材质、吸乳体验和噪音控制容忍度低；更相信长期口碑、专家建议和妈妈真实长评。 中东欧与长尾欧洲市场本地垂类媒体较分散，妈妈用户常同时使用全球母婴内容站和本地社媒群组完成决策。,"【VOC聚合·待业务审核】国际（VOC提及候选）：NUK Luna Electric Breast Pump；本土/其他（VOC提及候选）：electric pump, breast pump, Megatek breast pump category, Cangaroo manual breast pump, Neno Uno Electric Breast Pump, breastfeeding support, public health, manual"
OM,breast_pump,amazonae__noon,8,1,4,comfort,Medela,,以孕晚期到产后12个月的妈妈为主，典型场景是母乳喂养、背奶和职场返岗；家庭中通常由妈妈主导选购，伴侣会参与价格与口碑对比；更关注吸力舒适度、静音、便携和清洗便利性。 海湾国家母婴用户高度活跃于视觉化社媒与阿语内容平台，短视频、群组互动和权威母婴站并行。,偏好真实使用演示、吸奶效率对比、配件清洗教程和背奶场景短视频；会主动搜索泌乳顾问、月嫂或KOL的经验分享；对“同泵不同罩杯/不同模式”的细节测评更敏感。 海湾国家母婴用户高度活跃于视觉化社媒与阿语内容平台，短视频、群组互动和权威母婴站并行。,偏爱有医疗/母婴背书、使用门槛低、配件齐全且售后明确的品牌；对安全材质、吸乳体验和噪音控制容忍度低；更相信长期口碑、专家建议和妈妈真实长评。 海湾国家母婴用户高度活跃于视觉化社媒与阿语内容平台，短视频、群组互动和权威母婴站并行。,"【VOC聚合·待业务审核】国际（VOC提及候选）：Spectra, Spectra Dual Compact；本土/其他（VOC提及候选）：breast pump, counseling, wearable, breastfeeding clinics, BFHI, breastfeeding rooms, expecting mothers, postpartum mothers"
OM,unknown,amazonae__noon,7,0,0,general,,,以孕晚期到产后12个月的妈妈为主，典型场景是母乳喂养、背奶和职场返岗；家庭中通常由妈妈主导选购，伴侣会参与价格与口碑对比；更关注吸力舒适度、静音、便携和清洗便利性。 海湾国家母婴用户高度活跃于视觉化社媒与阿语内容平台，短视频、群组互动和权威母婴站并行。,偏好真实使用演示、吸奶效率对比、配件清洗教程和背奶场景短视频；会主动搜索泌乳顾问、月嫂或KOL的经验分享；对“同泵不同罩杯/不同模式”的细节测评更敏感。 海湾国家母婴用户高度活跃于视觉化社媒与阿语内容平台，短视频、群组互动和权威母婴站并行。,偏爱有医疗/母婴背书、使用门槛低、配件齐全且售后明确的品牌；对安全材质、吸乳体验和噪音控制容忍度低；更相信长期口碑、专家建议和妈妈真实长评。 海湾国家母婴用户高度活跃于视觉化社媒与阿语内容平台，短视频、群组互动和权威母婴站并行。,"【VOC聚合·待业务审核】国际（VOC提及候选）：Spectra, Spectra Dual Compact；本土/其他（VOC提及候选）：breast pump, counseling, wearable, breastfeeding clinics, BFHI, breastfeeding rooms, expecting mothers, postpartum mothers"
OM,unknown,amazonae,8,0,6,general,Elvie,,以孕晚期到产后12个月的妈妈为主，典型场景是母乳喂养、背奶和职场返岗；家庭中通常由妈妈主导选购，伴侣会参与价格与口碑对比；更关注吸力舒适度、静音、便携和清洗便利性。 海湾国家母婴用户高度活跃于视觉化社媒与阿语内容平台，短视频、群组互动和权威母婴站并行。,偏好真实使用演示、吸奶效率对比、配件清洗教程和背奶场景短视频；会主动搜索泌乳顾问、月嫂或KOL的经验分享；对“同泵不同罩杯/不同模式”的细节测评更敏感。 海湾国家母婴用户高度活跃于视觉化社媒与阿语内容平台，短视频、群组互动和权威母婴站并行。,偏爱有医疗/母婴背书、使用门槛低、配件齐全且售后明确的品牌；对安全材质、吸乳体验和噪音控制容忍度低；更相信长期口碑、专家建议和妈妈真实长评。 海湾国家母婴用户高度活跃于视觉化社媒与阿语内容平台，短视频、群组互动和权威母婴站并行。,"【VOC聚合·待业务审核】国际（VOC提及候选）：Spectra, Spectra Dual Compact；本土/其他（VOC提及候选）：breast pump, counseling, wearable, breastfeeding clinics, BFHI, breastfeeding rooms, expecting mothers, postpartum mothers"
OM,breast_pump,amazonae,6,0,5,pump_modes,,,以孕晚期到产后12个月的妈妈为主，典型场景是母乳喂养、背奶和职场返岗；家庭中通常由妈妈主导选购，伴侣会参与价格与口碑对比；更关注吸力舒适度、静音、便携和清洗便利性。 海湾国家母婴用户高度活跃于视觉化社媒与阿语内容平台，短视频、群组互动和权威母婴站并行。,偏好真实使用演示、吸奶效率对比、配件清洗教程和背奶场景短视频；会主动搜索泌乳顾问、月嫂或KOL的经验分享；对“同泵不同罩杯/不同模式”的细节测评更敏感。 海湾国家母婴用户高度活跃于视觉化社媒与阿语内容平台，短视频、群组互动和权威母婴站并行。,偏爱有医疗/母婴背书、使用门槛低、配件齐全且售后明确的品牌；对安全材质、吸乳体验和噪音控制容忍度低；更相信长期口碑、专家建议和妈妈真实长评。 海湾国家母婴用户高度活跃于视觉化社媒与阿语内容平台，短视频、群组互动和权威母婴站并行。,"【VOC聚合·待业务审核】国际（VOC提及候选）：Spectra, Spectra Dual Compact；本土/其他（VOC提及候选）：breast pump, counseling, wearable, breastfeeding clinics, BFHI, breastfeeding rooms, expecting mothers, postpartum mothers"
AE,unknown,3a2ilati,2,0,0,general,,,以孕晚期到产后12个月的妈妈为主，典型场景是母乳喂养、背奶和职场返岗；家庭中通常由妈妈主导选购，伴侣会参与价格与口碑对比；更关注吸力舒适度、静音、便携和清洗便利性。 海湾国家母婴用户高度活跃于视觉化社媒与阿语内容平台，短视频、群组互动和权威母婴站并行。,偏好真实使用演示、吸奶效率对比、配件清洗教程和背奶场景短视频；会主动搜索泌乳顾问、月嫂或KOL的经验分享；对“同泵不同罩杯/不同模式”的细节测评更敏感。 海湾国家母婴用户高度活跃于视觉化社媒与阿语内容平台，短视频、群组互动和权威母婴站并行。,偏爱有医疗/母婴背书、使用门槛低、配件齐全且售后明确的品牌；对安全材质、吸乳体验和噪音控制容忍度低；更相信长期口碑、专家建议和妈妈真实长评。 海湾国家母婴用户高度活跃于视觉化社媒与阿语内容平台，短视频、群组互动和权威母婴站并行。,"【VOC聚合·待业务审核】国际（VOC提及候选）：MomCozy（商品页）, Medela Harmony（列表卡）, Medela, MomCozy；本土/其他（VOC提及候选）：（无）, breast pump, wearable, 多品牌吸奶器（以类目列表为准）, شفاط حليب, مضخة（文章列表聚合）, مضخة الثدي, شفاط（站内检索与栏目聚合）"
AE,unknown,supermama,1,0,0,general,,,以孕晚期到产后12个月的妈妈为主，典型场景是母乳喂养、背奶和职场返岗；家庭中通常由妈妈主导选购，伴侣会参与价格与口碑对比；更关注吸力舒适度、静音、便携和清洗便利性。 海湾国家母婴用户高度活跃于视觉化社媒与阿语内容平台，短视频、群组互动和权威母婴站并行。,偏好真实使用演示、吸奶效率对比、配件清洗教程和背奶场景短视频；会主动搜索泌乳顾问、月嫂或KOL的经验分享；对“同泵不同罩杯/不同模式”的细节测评更敏感。 海湾国家母婴用户高度活跃于视觉化社媒与阿语内容平台，短视频、群组互动和权威母婴站并行。,偏爱有医疗/母婴背书、使用门槛低、配件齐全且售后明确的品牌；对安全材质、吸乳体验和噪音控制容忍度低；更相信长期口碑、专家建议和妈妈真实长评。 海湾国家母婴用户高度活跃于视觉化社媒与阿语内容平台，短视频、群组互动和权威母婴站并行。,"【VOC聚合·待业务审核】国际（VOC提及候选）：MomCozy（商品页）, Medela Harmony（列表卡）, Medela, MomCozy；本土/其他（VOC提及候选）：（无）, breast pump, wearable, 多品牌吸奶器（以类目列表为准）, شفاط حليب, مضخة（文章列表聚合）, مضخة الثدي, شفاط（站内检索与栏目聚合）"
AE,breast_pump,mohap_uae,3,0,0,general,,,以孕晚期到产后12个月的妈妈为主，典型场景是母乳喂养、背奶和职场返岗；家庭中通常由妈妈主导选购，伴侣会参与价格与口碑对比；更关注吸力舒适度、静音、便携和清洗便利性。 海湾国家母婴用户高度活跃于视觉化社媒与阿语内容平台，短视频、群组互动和权威母婴站并行。,偏好真实使用演示、吸奶效率对比、配件清洗教程和背奶场景短视频；会主动搜索泌乳顾问、月嫂或KOL的经验分享；对“同泵不同罩杯/不同模式”的细节测评更敏感。 海湾国家母婴用户高度活跃于视觉化社媒与阿语内容平台，短视频、群组互动和权威母婴站并行。,偏爱有医疗/母婴背书、使用门槛低、配件齐全且售后明确的品牌；对安全材质、吸乳体验和噪音控制容忍度低；更相信长期口碑、专家建议和妈妈真实长评。 海湾国家母婴用户高度活跃于视觉化社媒与阿语内容平台，短视频、群组互动和权威母婴站并行。,"【VOC聚合·待业务审核】国际（VOC提及候选）：MomCozy（商品页）, Medela Harmony（列表卡）, Medela, MomCozy；本土/其他（VOC提及候选）：（无）, breast pump, wearable, 多品牌吸奶器（以类目列表为准）, شفاط حليب, مضخة（文章列表聚合）, مضخة الثدي, شفاط（站内检索与栏目聚合）"
LB,unknown,lebanon_moph,3,0,0,general,,,以孕晚期到产后12个月的妈妈为主，典型场景是母乳喂养、背奶和职场返岗；家庭中通常由妈妈主导选购，伴侣会参与价格与口碑对比；更关注吸力舒适度、静音、便携和清洗便利性。 阿语非海湾市场同样依赖阿语母婴内容站与社媒互动，价格敏感度和真实体验口碑都较高。,偏好真实使用演示、吸奶效率对比、配件清洗教程和背奶场景短视频；会主动搜索泌乳顾问、月嫂或KOL的经验分享；对“同泵不同罩杯/不同模式”的细节测评更敏感。 阿语非海湾市场同样依赖阿语母婴内容站与社媒互动，价格敏感度和真实体验口碑都较高。,偏爱有医疗/母婴背书、使用门槛低、配件齐全且售后明确的品牌；对安全材质、吸乳体验和噪音控制容忍度低；更相信长期口碑、专家建议和妈妈真实长评。 阿语非海湾市场同样依赖阿语母婴内容站与社媒互动，价格敏感度和真实体验口碑都较高。,"【VOC聚合·待业务审核】国际（VOC提及候选）：Medela, Philips Avent；本土/其他（VOC提及候选）：breast pump, Babyono, breastfeeding week, awareness, breastfeeding, مضخة, wearable（检索词聚合）, review"
LB,breast_pump,amazonae,14,1,9,pump_modes,Medela,,以孕晚期到产后12个月的妈妈为主，典型场景是母乳喂养、背奶和职场返岗；家庭中通常由妈妈主导选购，伴侣会参与价格与口碑对比；更关注吸力舒适度、静音、便携和清洗便利性。 阿语非海湾市场同样依赖阿语母婴内容站与社媒互动，价格敏感度和真实体验口碑都较高。,偏好真实使用演示、吸奶效率对比、配件清洗教程和背奶场景短视频；会主动搜索泌乳顾问、月嫂或KOL的经验分享；对“同泵不同罩杯/不同模式”的细节测评更敏感。 阿语非海湾市场同样依赖阿语母婴内容站与社媒互动，价格敏感度和真实体验口碑都较高。,偏爱有医疗/母婴背书、使用门槛低、配件齐全且售后明确的品牌；对安全材质、吸乳体验和噪音控制容忍度低；更相信长期口碑、专家建议和妈妈真实长评。 阿语非海湾市场同样依赖阿语母婴内容站与社媒互动，价格敏感度和真实体验口碑都较高。,"【VOC聚合·待业务审核】国际（VOC提及候选）：Medela, Philips Avent；本土/其他（VOC提及候选）：breast pump, Babyono, breastfeeding week, awareness, breastfeeding, مضخة, wearable（检索词聚合）, review"
LB,unknown,amazonae,18,0,6,general,Elvie,,以孕晚期到产后12个月的妈妈为主，典型场景是母乳喂养、背奶和职场返岗；家庭中通常由妈妈主导选购，伴侣会参与价格与口碑对比；更关注吸力舒适度、静音、便携和清洗便利性。 阿语非海湾市场同样依赖阿语母婴内容站与社媒互动，价格敏感度和真实体验口碑都较高。,偏好真实使用演示、吸奶效率对比、配件清洗教程和背奶场景短视频；会主动搜索泌乳顾问、月嫂或KOL的经验分享；对“同泵不同罩杯/不同模式”的细节测评更敏感。 阿语非海湾市场同样依赖阿语母婴内容站与社媒互动，价格敏感度和真实体验口碑都较高。,偏爱有医疗/母婴背书、使用门槛低、配件齐全且售后明确的品牌；对安全材质、吸乳体验和噪音控制容忍度低；更相信长期口碑、专家建议和妈妈真实长评。 阿语非海湾市场同样依赖阿语母婴内容站与社媒互动，价格敏感度和真实体验口碑都较高。,"【VOC聚合·待业务审核】国际（VOC提及候选）：Medela, Philips Avent；本土/其他（VOC提及候选）：breast pump, Babyono, breastfeeding week, awareness, breastfeeding, مضخة, wearable（检索词聚合）, review"
GLOBAL,breast_pump,forum,6,0,0,general,,,,,,
GLOBAL,unknown,forum,5,0,0,general,,,,,,
GLOBAL,breast_pump,generic,21,0,0,general,,,,,,
GLOBAL,unknown,generic,42,0,2,general,,,,,,
CA,unknown,amazon,2,0,0,general,,,以孕晚期到产后12个月的妈妈为主，典型场景是母乳喂养、背奶和职场返岗；家庭中通常由妈妈主导选购，伴侣会参与价格与口碑对比；更关注吸力舒适度、静音、便携和清洗便利性。 加拿大家庭通常同时消费英语与法语育儿内容，重视真实经验与权威建议结合。,偏好真实使用演示、吸奶效率对比、配件清洗教程和背奶场景短视频；会主动搜索泌乳顾问、月嫂或KOL的经验分享；对“同泵不同罩杯/不同模式”的细节测评更敏感。 加拿大家庭通常同时消费英语与法语育儿内容，重视真实经验与权威建议结合。,偏爱有医疗/母婴背书、使用门槛低、配件齐全且售后明确的品牌；对安全材质、吸乳体验和噪音控制容忍度低；更相信长期口碑、专家建议和妈妈真实长评。 加拿大家庭通常同时消费英语与法语育儿内容，重视真实经验与权威建议结合。,"【VOC聚合·待业务审核】国际（VOC提及候选）：Medela, Spectra；本土/其他（VOC提及候选）：tire-lait, breast pump, 电动泵, 吸奶器与喂养配件（以类目列表为准）, 以西海岸门店, 线上列表为准"
AU,unknown,amazon,2,0,0,general,,,以孕晚期到产后12个月的妈妈为主，典型场景是母乳喂养、背奶和职场返岗；家庭中通常由妈妈主导选购，伴侣会参与价格与口碑对比；更关注吸力舒适度、静音、便携和清洗便利性。 澳新家庭偏好实用型育儿内容与社区问答并行，强调生活方式场景和专家建议。,偏好真实使用演示、吸奶效率对比、配件清洗教程和背奶场景短视频；会主动搜索泌乳顾问、月嫂或KOL的经验分享；对“同泵不同罩杯/不同模式”的细节测评更敏感。 澳新家庭偏好实用型育儿内容与社区问答并行，强调生活方式场景和专家建议。,偏爱有医疗/母婴背书、使用门槛低、配件齐全且售后明确的品牌；对安全材质、吸乳体验和噪音控制容忍度低；更相信长期口碑、专家建议和妈妈真实长评。 澳新家庭偏好实用型育儿内容与社区问答并行，强调生活方式场景和专家建议。,"【VOC聚合·待业务审核】国际（VOC提及候选）：Medela, Spectra, Spectra S2, Ardo Calypso, Spectra S2+；本土/其他（VOC提及候选）：breast pump, New Beginnings, review（结果列表随算法变化）, single electric breast pump, 含手挤, 手动泵, 电动泵等方法叙述"
